{
  "accuracy": 0.007387943100184202,
  "loss": 0.004408068954944611,
  "val_accuracy": 0.006706939544528723,
  "val_loss": 0.003974139224737883,
  "epoch": 1,
  "global_step": 6220
}